Assembly_ID	Contig_ID	Length
Assembly_A	Assembly_A_contig_1	-500
Assembly_A	Assembly_A_contig_2	77768
Assembly_A	Assembly_A_contig_3	43739
Assembly_A	Assembly_A_contig_4	33800
Assembly_A	Assembly_A_contig_5	25357
Assembly_A	Assembly_A_contig_6	23803
Assembly_A	Assembly_A_contig_7	12467
Assembly_A	Assembly_A_contig_8	12190
Assembly_A	Assembly_A_contig_9	11954
Assembly_A	Assembly_A_contig_10	11535
Assembly_A	Assembly_A_contig_11	10841
Assembly_A	Assembly_A_contig_12	10094
Assembly_A	Assembly_A_contig_13	9231
Assembly_A	Assembly_A_contig_14	8700
Assembly_A	Assembly_A_contig_15	8127
Assembly_A	Assembly_A_contig_16	8074
Assembly_A	Assembly_A_contig_17	7809
Assembly_A	Assembly_A_contig_18	7747
Assembly_A	Assembly_A_contig_19	7078
Assembly_A	Assembly_A_contig_20	7061
Assembly_A	Assembly_A_contig_21	7024
Assembly_A	Assembly_A_contig_22	6425
Assembly_A	Assembly_A_contig_23	6008
Assembly_A	Assembly_A_contig_24	5956
Assembly_A	Assembly_A_contig_25	5820
Assembly_A	Assembly_A_contig_26	5650
Assembly_A	Assembly_A_contig_27	5407
Assembly_A	Assembly_A_contig_28	5396
Assembly_A	Assembly_A_contig_29	5233
Assembly_A	Assembly_A_contig_30	5053
Assembly_A	Assembly_A_contig_31	5033
Assembly_A	Assembly_A_contig_32	4838
Assembly_A	Assembly_A_contig_33	4819
Assembly_A	Assembly_A_contig_34	4793
Assembly_A	Assembly_A_contig_35	4730
Assembly_A	Assembly_A_contig_36	4564
Assembly_A	Assembly_A_contig_37	4554
Assembly_A	Assembly_A_contig_38	4527
Assembly_A	Assembly_A_contig_39	4427
Assembly_A	Assembly_A_contig_40	4412
Assembly_A	Assembly_A_contig_41	4373
Assembly_A	Assembly_A_contig_42	4361
Assembly_A	Assembly_A_contig_43	4333
Assembly_A	Assembly_A_contig_44	4326
Assembly_A	Assembly_A_contig_45	4284
Assembly_A	Assembly_A_contig_46	4272
Assembly_A	Assembly_A_contig_47	4249
Assembly_A	Assembly_A_contig_48	4248
Assembly_A	Assembly_A_contig_49	4196
Assembly_A	Assembly_A_contig_50	4181
Assembly_A	Assembly_A_contig_51	4156
Assembly_A	Assembly_A_contig_52	4140
Assembly_A	Assembly_A_contig_53	4129
Assembly_A	Assembly_A_contig_54	4107
Assembly_A	Assembly_A_contig_55	4049
Assembly_A	Assembly_A_contig_56	3990
Assembly_A	Assembly_A_contig_57	3973
Assembly_A	Assembly_A_contig_58	3925
Assembly_A	Assembly_A_contig_59	3912
Assembly_A	Assembly_A_contig_60	3849
Assembly_A	Assembly_A_contig_61	3762
Assembly_A	Assembly_A_contig_62	3730
Assembly_A	Assembly_A_contig_63	3728
Assembly_A	Assembly_A_contig_64	3712
Assembly_A	Assembly_A_contig_65	3637
Assembly_A	Assembly_A_contig_66	3620
Assembly_A	Assembly_A_contig_67	3602
Assembly_A	Assembly_A_contig_68	3590
Assembly_A	Assembly_A_contig_69	3576
Assembly_A	Assembly_A_contig_70	3534
Assembly_A	Assembly_A_contig_71	3490
Assembly_A	Assembly_A_contig_72	3485
Assembly_A	Assembly_A_contig_73	3467
Assembly_A	Assembly_A_contig_74	3449
Assembly_A	Assembly_A_contig_75	3378
Assembly_A	Assembly_A_contig_76	3375
Assembly_A	Assembly_A_contig_77	3373
Assembly_A	Assembly_A_contig_78	3343
Assembly_A	Assembly_A_contig_79	3332
Assembly_A	Assembly_A_contig_80	3299
Assembly_A	Assembly_A_contig_81	3295
Assembly_A	Assembly_A_contig_82	3285
Assembly_A	Assembly_A_contig_83	3275
Assembly_A	Assembly_A_contig_84	3269
Assembly_A	Assembly_A_contig_85	3268
Assembly_A	Assembly_A_contig_86	3261
Assembly_A	Assembly_A_contig_87	3237
Assembly_A	Assembly_A_contig_88	3217
Assembly_A	Assembly_A_contig_89	3130
Assembly_A	Assembly_A_contig_90	3102
Assembly_A	Assembly_A_contig_91	3064
Assembly_A	Assembly_A_contig_92	3063
Assembly_A	Assembly_A_contig_93	3022
Assembly_A	Assembly_A_contig_94	3015
Assembly_A	Assembly_A_contig_95	2934
Assembly_A	Assembly_A_contig_96	2931
Assembly_A	Assembly_A_contig_97	2888
Assembly_A	Assembly_A_contig_98	2877
Assembly_A	Assembly_A_contig_99	2847
Assembly_A	Assembly_A_contig_100	2845
Assembly_A	Assembly_A_contig_101	2837
Assembly_A	Assembly_A_contig_102	2817
Assembly_A	Assembly_A_contig_103	2811
Assembly_A	Assembly_A_contig_104	2801
Assembly_A	Assembly_A_contig_105	2798
Assembly_A	Assembly_A_contig_106	2796
Assembly_A	Assembly_A_contig_107	2794
Assembly_A	Assembly_A_contig_108	2743
Assembly_A	Assembly_A_contig_109	2722
Assembly_A	Assembly_A_contig_110	2714
Assembly_A	Assembly_A_contig_111	2704
Assembly_A	Assembly_A_contig_112	2702
Assembly_A	Assembly_A_contig_113	2689
Assembly_A	Assembly_A_contig_114	2688
Assembly_A	Assembly_A_contig_115	2660
Assembly_A	Assembly_A_contig_116	2658
Assembly_A	Assembly_A_contig_117	2658
Assembly_A	Assembly_A_contig_118	2622
Assembly_A	Assembly_A_contig_119	2619
Assembly_A	Assembly_A_contig_120	2612
Assembly_A	Assembly_A_contig_121	2605
Assembly_A	Assembly_A_contig_122	2605
Assembly_A	Assembly_A_contig_123	2594
Assembly_A	Assembly_A_contig_124	2588
Assembly_A	Assembly_A_contig_125	2572
Assembly_A	Assembly_A_contig_126	2565
Assembly_A	Assembly_A_contig_127	2558
Assembly_A	Assembly_A_contig_128	2548
Assembly_A	Assembly_A_contig_129	2540
Assembly_A	Assembly_A_contig_130	2526
Assembly_A	Assembly_A_contig_131	2522
Assembly_A	Assembly_A_contig_132	2520
Assembly_A	Assembly_A_contig_133	2520
Assembly_A	Assembly_A_contig_134	2514
Assembly_A	Assembly_A_contig_135	2512
Assembly_A	Assembly_A_contig_136	2506
Assembly_A	Assembly_A_contig_137	2500
Assembly_B	Assembly_B_contig_1	22758
Assembly_B	Assembly_B_contig_2	18636
Assembly_B	Assembly_B_contig_3	16895
Assembly_B	Assembly_B_contig_4	14648
Assembly_B	Assembly_B_contig_5	14202
Assembly_B	Assembly_B_contig_6	13032
Assembly_B	Assembly_B_contig_7	12777
Assembly_B	Assembly_B_contig_8	12309
Assembly_B	Assembly_B_contig_9	11606
Assembly_B	Assembly_B_contig_10	9567
Assembly_B	Assembly_B_contig_11	7823
Assembly_B	Assembly_B_contig_12	6421
Assembly_B	Assembly_B_contig_13	5987
Assembly_B	Assembly_B_contig_14	5602
Assembly_B	Assembly_B_contig_15	5591
Assembly_B	Assembly_B_contig_16	5374
Assembly_B	Assembly_B_contig_17	5322
Assembly_B	Assembly_B_contig_18	4905
Assembly_B	Assembly_B_contig_19	4623
Assembly_B	Assembly_B_contig_20	4606
Assembly_B	Assembly_B_contig_21	4410
Assembly_B	Assembly_B_contig_22	4258
Assembly_B	Assembly_B_contig_23	4174
Assembly_B	Assembly_B_contig_24	4123
Assembly_B	Assembly_B_contig_25	3862
Assembly_B	Assembly_B_contig_26	3813
Assembly_B	Assembly_B_contig_27	3771
Assembly_B	Assembly_B_contig_28	3756
Assembly_B	Assembly_B_contig_29	3755
Assembly_B	Assembly_B_contig_30	3737
Assembly_B	Assembly_B_contig_31	3674
Assembly_B	Assembly_B_contig_32	3667
Assembly_B	Assembly_B_contig_33	3618
Assembly_B	Assembly_B_contig_34	3572
Assembly_B	Assembly_B_contig_35	3566
Assembly_B	Assembly_B_contig_36	3525
Assembly_B	Assembly_B_contig_37	3507
Assembly_B	Assembly_B_contig_38	3490
Assembly_B	Assembly_B_contig_39	3480
Assembly_B	Assembly_B_contig_40	3363
Assembly_B	Assembly_B_contig_41	3347
Assembly_B	Assembly_B_contig_42	3326
Assembly_B	Assembly_B_contig_43	3248
Assembly_B	Assembly_B_contig_44	3215
Assembly_B	Assembly_B_contig_45	3215
Assembly_B	Assembly_B_contig_46	3185
Assembly_B	Assembly_B_contig_47	3145
Assembly_B	Assembly_B_contig_48	3142
Assembly_B	Assembly_B_contig_49	3114
Assembly_B	Assembly_B_contig_50	3112
Assembly_B	Assembly_B_contig_51	3065
Assembly_B	Assembly_B_contig_52	3063
Assembly_B	Assembly_B_contig_53	3061
Assembly_B	Assembly_B_contig_54	2994
Assembly_B	Assembly_B_contig_55	2938
Assembly_B	Assembly_B_contig_56	2924
Assembly_B	Assembly_B_contig_57	2920
Assembly_B	Assembly_B_contig_58	2904
Assembly_B	Assembly_B_contig_59	2821
Assembly_B	Assembly_B_contig_60	2717
Assembly_B	Assembly_B_contig_61	2708
Assembly_B	Assembly_B_contig_62	2705
Assembly_B	Assembly_B_contig_63	2693
Assembly_B	Assembly_B_contig_64	2670
Assembly_B	Assembly_B_contig_65	2666
Assembly_B	Assembly_B_contig_66	2633
Assembly_B	Assembly_B_contig_67	2630
Assembly_B	Assembly_B_contig_68	2626
Assembly_B	Assembly_B_contig_69	2621
Assembly_B	Assembly_B_contig_70	2610
Assembly_B	Assembly_B_contig_71	2606
Assembly_B	Assembly_B_contig_72	2602
Assembly_B	Assembly_B_contig_73	2602
Assembly_B	Assembly_B_contig_74	2597
Assembly_B	Assembly_B_contig_75	2595
Assembly_B	Assembly_B_contig_76	2564
Assembly_B	Assembly_B_contig_77	2561
Assembly_B	Assembly_B_contig_78	2546
Assembly_B	Assembly_B_contig_79	2541
Assembly_B	Assembly_B_contig_80	2530
Assembly_B	Assembly_B_contig_81	2519
Assembly_B	Assembly_B_contig_82	2516
Assembly_C	Assembly_C_contig_1	29658
Assembly_C	Assembly_C_contig_2	28099
Assembly_C	Assembly_C_contig_3	25489
Assembly_C	Assembly_C_contig_4	17174
Assembly_C	Assembly_C_contig_5	15236
Assembly_C	Assembly_C_contig_6	14205
Assembly_C	Assembly_C_contig_7	12576
Assembly_C	Assembly_C_contig_8	10457
Assembly_C	Assembly_C_contig_9	10456
Assembly_C	Assembly_C_contig_10	10190
Assembly_C	Assembly_C_contig_11	9782
Assembly_C	Assembly_C_contig_12	8689
Assembly_C	Assembly_C_contig_13	8408
Assembly_C	Assembly_C_contig_14	7772
Assembly_C	Assembly_C_contig_15	7544
Assembly_C	Assembly_C_contig_16	7285
Assembly_C	Assembly_C_contig_17	7261
Assembly_C	Assembly_C_contig_18	7205
Assembly_C	Assembly_C_contig_19	7008
Assembly_C	Assembly_C_contig_20	6735
Assembly_C	Assembly_C_contig_21	6533
Assembly_C	Assembly_C_contig_22	6496
Assembly_C	Assembly_C_contig_23	6345
Assembly_C	Assembly_C_contig_24	6285
Assembly_C	Assembly_C_contig_25	6195
Assembly_C	Assembly_C_contig_26	6188
Assembly_C	Assembly_C_contig_27	6175
Assembly_C	Assembly_C_contig_28	6123
Assembly_C	Assembly_C_contig_29	5800
Assembly_C	Assembly_C_contig_30	5624
Assembly_C	Assembly_C_contig_31	5213
Assembly_C	Assembly_C_contig_32	5199
Assembly_C	Assembly_C_contig_33	5194
Assembly_C	Assembly_C_contig_34	5147
Assembly_C	Assembly_C_contig_35	5109
Assembly_C	Assembly_C_contig_36	5077
Assembly_C	Assembly_C_contig_37	5050
Assembly_C	Assembly_C_contig_38	4936
Assembly_C	Assembly_C_contig_39	4860
Assembly_C	Assembly_C_contig_40	4815
Assembly_C	Assembly_C_contig_41	4566
Assembly_C	Assembly_C_contig_42	4537
Assembly_C	Assembly_C_contig_43	4463
Assembly_C	Assembly_C_contig_44	4380
Assembly_C	Assembly_C_contig_45	4374
Assembly_C	Assembly_C_contig_46	4351
Assembly_C	Assembly_C_contig_47	4349
Assembly_C	Assembly_C_contig_48	4275
Assembly_C	Assembly_C_contig_49	4083
Assembly_C	Assembly_C_contig_50	4013
Assembly_C	Assembly_C_contig_51	4004
Assembly_C	Assembly_C_contig_52	3907
Assembly_C	Assembly_C_contig_53	3841
Assembly_C	Assembly_C_contig_54	3764
Assembly_C	Assembly_C_contig_55	3746
Assembly_C	Assembly_C_contig_56	3659
Assembly_C	Assembly_C_contig_57	3649
Assembly_C	Assembly_C_contig_58	3622
Assembly_C	Assembly_C_contig_59	3573
Assembly_C	Assembly_C_contig_60	3562
Assembly_C	Assembly_C_contig_61	3529
Assembly_C	Assembly_C_contig_62	3496
Assembly_C	Assembly_C_contig_63	3492
Assembly_C	Assembly_C_contig_64	3488
Assembly_C	Assembly_C_contig_65	3481
Assembly_C	Assembly_C_contig_66	3466
Assembly_C	Assembly_C_contig_67	3446
Assembly_C	Assembly_C_contig_68	3355
Assembly_C	Assembly_C_contig_69	3291
Assembly_C	Assembly_C_contig_70	3263
Assembly_C	Assembly_C_contig_71	3241
Assembly_C	Assembly_C_contig_72	3161
Assembly_C	Assembly_C_contig_73	3153
Assembly_C	Assembly_C_contig_74	3125
Assembly_C	Assembly_C_contig_75	3087
Assembly_C	Assembly_C_contig_76	3077
Assembly_C	Assembly_C_contig_77	3074
Assembly_C	Assembly_C_contig_78	3058
Assembly_C	Assembly_C_contig_79	2982
Assembly_C	Assembly_C_contig_80	2978
Assembly_C	Assembly_C_contig_81	2972
Assembly_C	Assembly_C_contig_82	2896
Assembly_C	Assembly_C_contig_83	2848
Assembly_C	Assembly_C_contig_84	2846
Assembly_C	Assembly_C_contig_85	2830
Assembly_C	Assembly_C_contig_86	2819
Assembly_C	Assembly_C_contig_87	2781
Assembly_C	Assembly_C_contig_88	2780
Assembly_C	Assembly_C_contig_89	2769
Assembly_C	Assembly_C_contig_90	2762
Assembly_C	Assembly_C_contig_91	2726
Assembly_C	Assembly_C_contig_92	2713
Assembly_C	Assembly_C_contig_93	2712
Assembly_C	Assembly_C_contig_94	2705
Assembly_C	Assembly_C_contig_95	2704
Assembly_C	Assembly_C_contig_96	2694
Assembly_C	Assembly_C_contig_97	2625
Assembly_C	Assembly_C_contig_98	2618
Assembly_C	Assembly_C_contig_99	2606
Assembly_C	Assembly_C_contig_100	2590
Assembly_C	Assembly_C_contig_101	2565
Assembly_C	Assembly_C_contig_102	2557
Assembly_C	Assembly_C_contig_103	2543
Assembly_C	Assembly_C_contig_104	2538
Assembly_C	Assembly_C_contig_105	2533
Assembly_C	Assembly_C_contig_106	2525
Assembly_C	Assembly_C_contig_107	2514
